You are coming to Northampton,Amherst,False,Noho,False,True,Jane,0,0,0.25,1,1
You are coming to Northampton,Amherst,True,Amherst,False,False,Sarah,0,0,0.25,1,1
You are coming to Northampton,Amherst,False,Amherst,False,True,Sarah,0,0,0.25,1,1
You are coming to Northampton,Amherst,False,Amherst,True,False,Jane,0,0,0.25,1,1
You are coming to Northampton,Amherst,False,Noho,True,False,Sarah,0,0,0.25,1,1
You are coming to Northampton,Amherst,True,Amherst,False,False,Jane,0,0,0.25,1,1
You are coming to Northampton,Noho,True,Amherst,False,False,Sarah,0,0,0.25,1,1
You are coming to Northampton,Amherst,False,Amherst,False,True,Jane,0,0,0.25,1,1
You are coming to Northampton,Amherst,False,Noho,False,True,Sarah,1,0,0.25,1,1
You are coming to Northampton,Amherst,False,Amherst,True,False,Sarah,0,0,0.25,1,1
You are coming to Northampton,Noho,False,Amherst,True,False,Sarah,0,0,0.25,1,1
You are coming to Northampton,Noho,False,Noho,True,False,Jane,0,0,0.25,1,1
You are coming to Northampton,Noho,True,Amherst,False,False,Jane,0,0,0.25,1,1
You are coming to Northampton,Noho,False,Noho,True,False,Sarah,0,0,0.25,1,1
You are coming to Northampton,Noho,False,Amherst,True,False,Jane,0,0,0.25,1,1
You are coming to Northampton,Amherst,False,Noho,True,False,Jane,0,0,0.25,1,1
I am coming to Northampton,Amherst,False,Noho,False,True,Sarah,0,0,0.25,1,1
I am coming to Northampton,Amherst,False,Noho,False,True,Jane,0,0,0.25,1,1
I am coming to Northampton,Amherst,True,Amherst,False,False,Sarah,0,0,0.25,1,1
I am coming to Northampton,Amherst,False,Amherst,False,True,Sarah,0,0,0.25,1,1
I am coming to Northampton,Amherst,False,Amherst,True,False,Jane,0,0,0.25,1,1
I am coming to Northampton,Amherst,False,Noho,True,False,Sarah,0,0,0.25,1,1
I am coming to Northampton,Amherst,True,Amherst,False,False,Jane,0,0,0.25,1,1
I am coming to Northampton,Noho,True,Amherst,False,False,Sarah,0,0,0.25,1,1
I am coming to Northampton,Amherst,False,Amherst,False,True,Jane,0,0,0.25,1,1
I am coming to Northampton,Amherst,False,Noho,True,False,Jane,0,0,0.25,1,1
I am coming to Northampton,Amherst,False,Amherst,True,False,Sarah,0,0,0.25,1,1
I am coming to Northampton,Noho,False,Amherst,True,False,Sarah,0,0,0.25,1,1
I am coming to Northampton,Noho,False,Noho,True,False,Jane,0,0,0.25,1,1
I am coming to Northampton,Noho,False,Noho,True,False,Sarah,0,0,0.25,1,1
I am coming to Northampton,Noho,False,Amherst,True,False,Jane,0,0,0.25,1,1
I am coming to Northampton,Noho,True,Amherst,False,False,Jane,1,0,0.25,1,1
You are going to Northampton,Amherst,False,Noho,True,False,Sarah,0,0,0.25,1,1
You are going to Northampton,Amherst,True,Amherst,False,False,Sarah,0,0,0.25,1,1
You are going to Northampton,Amherst,True,Amherst,False,False,Jane,0,0,0.25,1,1
You are going to Northampton,Amherst,False,Amherst,True,False,Jane,0,0,0.25,1,1
You are going to Northampton,Amherst,False,Noho,False,True,Jane,0.18793732327000423,0,0.25,1,1
You are going to Northampton,Amherst,False,Amherst,False,True,Sarah,0.4160835689733277,0,0.25,1,1
You are going to Northampton,Noho,True,Amherst,False,False,Sarah,0,0,0.25,1,1
You are going to Northampton,Amherst,False,Amherst,False,True,Jane,0.18793732327000423,0,0.25,1,1
You are going to Northampton,Amherst,False,Noho,False,True,Sarah,0.20804178448666383,0,0.25,1,1
You are going to Northampton,Amherst,False,Amherst,True,False,Sarah,0,0,0.25,1,1
You are going to Northampton,Noho,False,Amherst,True,False,Sarah,0,0,0.25,1,1
You are going to Northampton,Noho,False,Noho,True,False,Jane,0,0,0.25,1,1
You are going to Northampton,Noho,True,Amherst,False,False,Jane,0,0,0.25,1,1
You are going to Northampton,Noho,False,Noho,True,False,Sarah,0,0,0.25,1,1
You are going to Northampton,Noho,False,Amherst,True,False,Jane,0,0,0.25,1,1
You are going to Northampton,Amherst,False,Noho,True,False,Jane,0,0,0.25,1,1
I am going to Northampton,Amherst,False,Noho,False,True,Sarah,0,0,0.25,1,1
I am going to Northampton,Amherst,False,Noho,False,True,Jane,0,0,0.25,1,1
I am going to Northampton,Amherst,True,Amherst,False,False,Sarah,0.373479586248603,0,0.25,1,1
I am going to Northampton,Amherst,False,Amherst,False,True,Sarah,0,0,0.25,1,1
I am going to Northampton,Amherst,False,Amherst,True,False,Jane,0,0,0.25,1,1
I am going to Northampton,Amherst,False,Noho,True,False,Sarah,0,0,0.25,1,1
I am going to Northampton,Amherst,True,Amherst,False,False,Jane,0.16869388500186264,0,0.25,1,1
I am going to Northampton,Noho,True,Amherst,False,False,Sarah,0.373479586248603,0,0.25,1,1
I am going to Northampton,Amherst,False,Amherst,False,True,Jane,0,0,0.25,1,1
I am going to Northampton,Amherst,False,Noho,True,False,Jane,0,0,0.25,1,1
I am going to Northampton,Amherst,False,Amherst,True,False,Sarah,0,0,0.25,1,1
I am going to Northampton,Noho,False,Amherst,True,False,Sarah,0,0,0.25,1,1
I am going to Northampton,Noho,False,Noho,True,False,Jane,0,0,0.25,1,1
I am going to Northampton,Noho,False,Noho,True,False,Sarah,0,0,0.25,1,1
I am going to Northampton,Noho,False,Amherst,True,False,Jane,0,0,0.25,1,1
I am going to Northampton,Noho,True,Amherst,False,False,Jane,0.08434694250093132,0,0.25,1,1
Eliza is going to Northampton,Amherst,False,Noho,False,True,Jane,0,0,0.25,1,1
Eliza is going to Northampton,Amherst,False,Amherst,False,True,Jane,0,0,0.25,1,1
Eliza is going to Northampton,Amherst,False,Amherst,False,True,Sarah,0,0,0.25,1,1
Eliza is going to Northampton,Amherst,True,Amherst,False,False,Sarah,0,0,0.25,1,1
Eliza is going to Northampton,Amherst,True,Amherst,False,False,Jane,0,0,0.25,1,1
Eliza is going to Northampton,Amherst,False,Amherst,True,False,Jane,0.10371458210769585,0,0.25,1,1
Eliza is going to Northampton,Amherst,False,Noho,True,False,Sarah,0.11480937561281877,0,0.25,1,1
Eliza is going to Northampton,Noho,False,Noho,True,False,Jane,0.051857291053847926,0,0.25,1,1
Eliza is going to Northampton,Noho,True,Amherst,False,False,Sarah,0,0,0.25,1,1
Eliza is going to Northampton,Noho,False,Noho,True,False,Sarah,0.11480937561281877,0,0.25,1,1
Eliza is going to Northampton,Amherst,False,Noho,True,False,Jane,0.10371458210769585,0,0.25,1,1
Eliza is going to Northampton,Amherst,False,Amherst,True,False,Sarah,0.22961875122563757,0,0.25,1,1
Eliza is going to Northampton,Noho,False,Amherst,True,False,Sarah,0.22961875122563757,0,0.25,1,1
Eliza is going to Northampton,Noho,True,Amherst,False,False,Jane,0,0,0.25,1,1
Eliza is going to Northampton,Noho,False,Amherst,True,False,Jane,0.051857291053847926,0,0.25,1,1
Eliza is going to Northampton,Amherst,False,Noho,False,True,Sarah,0,0,0.25,1,1
Eliza is coming to Northampton,Amherst,False,Noho,False,True,Jane,0,0,0.25,1,1
Eliza is coming to Northampton,Amherst,False,Amherst,False,True,Sarah,0,0,0.25,1,1
Eliza is coming to Northampton,Amherst,True,Amherst,False,False,Sarah,0,0,0.25,1,1
Eliza is coming to Northampton,Noho,False,Noho,True,False,Jane,0.15557187316154375,0,0.25,1,1
Eliza is coming to Northampton,Amherst,False,Amherst,True,False,Jane,0,0,0.25,1,1
Eliza is coming to Northampton,Amherst,False,Noho,True,False,Sarah,0.34442812683845625,0,0.25,1,1
Eliza is coming to Northampton,Amherst,True,Amherst,False,False,Jane,0,0,0.25,1,1
Eliza is coming to Northampton,Noho,True,Amherst,False,False,Sarah,0,0,0.25,1,1
Eliza is coming to Northampton,Noho,False,Noho,True,False,Sarah,0.34442812683845625,0,0.25,1,1
Eliza is coming to Northampton,Amherst,False,Noho,True,False,Jane,0,0,0.25,1,1
Eliza is coming to Northampton,Amherst,False,Amherst,True,False,Sarah,0,0,0.25,1,1
Eliza is coming to Northampton,Noho,False,Amherst,True,False,Sarah,0,0,0.25,1,1
Eliza is coming to Northampton,Amherst,False,Amherst,False,True,Jane,0,0,0.25,1,1
Eliza is coming to Northampton,Noho,True,Amherst,False,False,Jane,0,0,0.25,1,1
Eliza is coming to Northampton,Noho,False,Amherst,True,False,Jane,0.15557187316154375,0,0.25,1,1
Eliza is coming to Northampton,Amherst,False,Noho,False,True,Sarah,0,0,0.25,1,1
You are coming to Northampton,Amherst,False,Noho,False,True,Jane,0,0,0.5,1,1
You are coming to Northampton,Amherst,True,Amherst,False,False,Sarah,0,0,0.5,1,1
You are coming to Northampton,Amherst,False,Amherst,False,True,Sarah,0,0,0.5,1,1
You are coming to Northampton,Amherst,False,Amherst,True,False,Jane,0,0,0.5,1,1
You are coming to Northampton,Amherst,False,Noho,True,False,Sarah,0,0,0.5,1,1
You are coming to Northampton,Amherst,True,Amherst,False,False,Jane,0,0,0.5,1,1
You are coming to Northampton,Noho,True,Amherst,False,False,Sarah,0,0,0.5,1,1
You are coming to Northampton,Amherst,False,Amherst,False,True,Jane,0,0,0.5,1,1
You are coming to Northampton,Amherst,False,Noho,False,True,Sarah,1,0,0.5,1,1
You are coming to Northampton,Amherst,False,Amherst,True,False,Sarah,0,0,0.5,1,1
You are coming to Northampton,Noho,False,Amherst,True,False,Sarah,0,0,0.5,1,1
You are coming to Northampton,Noho,False,Noho,True,False,Jane,0,0,0.5,1,1
You are coming to Northampton,Noho,True,Amherst,False,False,Jane,0,0,0.5,1,1
You are coming to Northampton,Noho,False,Noho,True,False,Sarah,0,0,0.5,1,1
You are coming to Northampton,Noho,False,Amherst,True,False,Jane,0,0,0.5,1,1
You are coming to Northampton,Amherst,False,Noho,True,False,Jane,0,0,0.5,1,1
I am coming to Northampton,Amherst,False,Noho,False,True,Sarah,0,0,0.5,1,1
I am coming to Northampton,Amherst,False,Noho,False,True,Jane,0,0,0.5,1,1
I am coming to Northampton,Amherst,True,Amherst,False,False,Sarah,0,0,0.5,1,1
I am coming to Northampton,Amherst,False,Amherst,False,True,Sarah,0,0,0.5,1,1
I am coming to Northampton,Amherst,False,Amherst,True,False,Jane,0,0,0.5,1,1
I am coming to Northampton,Amherst,False,Noho,True,False,Sarah,0,0,0.5,1,1
I am coming to Northampton,Amherst,True,Amherst,False,False,Jane,0,0,0.5,1,1
I am coming to Northampton,Noho,True,Amherst,False,False,Sarah,0,0,0.5,1,1
I am coming to Northampton,Amherst,False,Amherst,False,True,Jane,0,0,0.5,1,1
I am coming to Northampton,Amherst,False,Noho,True,False,Jane,0,0,0.5,1,1
I am coming to Northampton,Amherst,False,Amherst,True,False,Sarah,0,0,0.5,1,1
I am coming to Northampton,Noho,False,Amherst,True,False,Sarah,0,0,0.5,1,1
I am coming to Northampton,Noho,False,Noho,True,False,Jane,0,0,0.5,1,1
I am coming to Northampton,Noho,False,Noho,True,False,Sarah,0,0,0.5,1,1
I am coming to Northampton,Noho,False,Amherst,True,False,Jane,0,0,0.5,1,1
I am coming to Northampton,Noho,True,Amherst,False,False,Jane,1,0,0.5,1,1
You are going to Northampton,Amherst,False,Noho,True,False,Sarah,0,0,0.5,1,1
You are going to Northampton,Amherst,True,Amherst,False,False,Sarah,0,0,0.5,1,1
You are going to Northampton,Amherst,True,Amherst,False,False,Jane,0,0,0.5,1,1
You are going to Northampton,Amherst,False,Amherst,True,False,Jane,0,0,0.5,1,1
You are going to Northampton,Amherst,False,Noho,False,True,Jane,0.48097748786020317,0,0.5,1,1
You are going to Northampton,Amherst,False,Amherst,False,True,Sarah,0.025363349519729225,0,0.5,1,1
You are going to Northampton,Noho,True,Amherst,False,False,Sarah,0,0,0.5,1,1
You are going to Northampton,Amherst,False,Amherst,False,True,Jane,0.48097748786020317,0,0.5,1,1
You are going to Northampton,Amherst,False,Noho,False,True,Sarah,0.012681674759864611,0,0.5,1,1
You are going to Northampton,Amherst,False,Amherst,True,False,Sarah,0,0,0.5,1,1
You are going to Northampton,Noho,False,Amherst,True,False,Sarah,0,0,0.5,1,1
You are going to Northampton,Noho,False,Noho,True,False,Jane,0,0,0.5,1,1
You are going to Northampton,Noho,True,Amherst,False,False,Jane,0,0,0.5,1,1
You are going to Northampton,Noho,False,Noho,True,False,Sarah,0,0,0.5,1,1
You are going to Northampton,Noho,False,Amherst,True,False,Jane,0,0,0.5,1,1
You are going to Northampton,Amherst,False,Noho,True,False,Jane,0,0,0.5,1,1
I am going to Northampton,Amherst,False,Noho,False,True,Sarah,0,0,0.5,1,1
I am going to Northampton,Amherst,False,Noho,False,True,Jane,0,0,0.5,1,1
I am going to Northampton,Amherst,True,Amherst,False,False,Sarah,0.032845871163926524,0,0.5,1,1
I am going to Northampton,Amherst,False,Amherst,False,True,Sarah,0,0,0.5,1,1
I am going to Northampton,Amherst,False,Amherst,True,False,Jane,0,0,0.5,1,1
I am going to Northampton,Amherst,False,Noho,True,False,Sarah,0,0,0.5,1,1
I am going to Northampton,Amherst,True,Amherst,False,False,Jane,0.6228721717814314,0,0.5,1,1
I am going to Northampton,Noho,True,Amherst,False,False,Sarah,0.032845871163926524,0,0.5,1,1
I am going to Northampton,Amherst,False,Amherst,False,True,Jane,0,0,0.5,1,1
I am going to Northampton,Amherst,False,Noho,True,False,Jane,0,0,0.5,1,1
I am going to Northampton,Amherst,False,Amherst,True,False,Sarah,0,0,0.5,1,1
I am going to Northampton,Noho,False,Amherst,True,False,Sarah,0,0,0.5,1,1
I am going to Northampton,Noho,False,Noho,True,False,Jane,0,0,0.5,1,1
I am going to Northampton,Noho,False,Noho,True,False,Sarah,0,0,0.5,1,1
I am going to Northampton,Noho,False,Amherst,True,False,Jane,0,0,0.5,1,1
I am going to Northampton,Noho,True,Amherst,False,False,Jane,0.31143608589071564,0,0.5,1,1
Eliza is going to Northampton,Amherst,False,Noho,False,True,Jane,0,0,0.5,1,1
Eliza is going to Northampton,Amherst,False,Amherst,False,True,Jane,0,0,0.5,1,1
Eliza is going to Northampton,Amherst,False,Amherst,False,True,Sarah,0,0,0.5,1,1
Eliza is going to Northampton,Amherst,True,Amherst,False,False,Sarah,0,0,0.5,1,1
Eliza is going to Northampton,Amherst,True,Amherst,False,False,Jane,0,0,0.5,1,1
Eliza is going to Northampton,Amherst,False,Amherst,True,False,Jane,0.3166361815024493,0,0.5,1,1
Eliza is going to Northampton,Amherst,False,Noho,True,False,Sarah,0.008348575915442063,0,0.5,1,1
Eliza is going to Northampton,Noho,False,Noho,True,False,Jane,0.15831809075122466,0,0.5,1,1
Eliza is going to Northampton,Noho,True,Amherst,False,False,Sarah,0,0,0.5,1,1
Eliza is going to Northampton,Noho,False,Noho,True,False,Sarah,0.008348575915442063,0,0.5,1,1
Eliza is going to Northampton,Amherst,False,Noho,True,False,Jane,0.3166361815024493,0,0.5,1,1
Eliza is going to Northampton,Amherst,False,Amherst,True,False,Sarah,0.016697151830884126,0,0.5,1,1
Eliza is going to Northampton,Noho,False,Amherst,True,False,Sarah,0.016697151830884126,0,0.5,1,1
Eliza is going to Northampton,Noho,True,Amherst,False,False,Jane,0,0,0.5,1,1
Eliza is going to Northampton,Noho,False,Amherst,True,False,Jane,0.15831809075122466,0,0.5,1,1
Eliza is going to Northampton,Amherst,False,Noho,False,True,Sarah,0,0,0.5,1,1
Eliza is coming to Northampton,Amherst,False,Noho,False,True,Jane,0,0,0.5,1,1
Eliza is coming to Northampton,Amherst,False,Amherst,False,True,Sarah,0,0,0.5,1,1
Eliza is coming to Northampton,Amherst,True,Amherst,False,False,Sarah,0,0,0.5,1,1
Eliza is coming to Northampton,Noho,False,Noho,True,False,Jane,0.4749542722536739,0,0.5,1,1
Eliza is coming to Northampton,Amherst,False,Amherst,True,False,Jane,0,0,0.5,1,1
Eliza is coming to Northampton,Amherst,False,Noho,True,False,Sarah,0.025045727746326196,0,0.5,1,1
Eliza is coming to Northampton,Amherst,True,Amherst,False,False,Jane,0,0,0.5,1,1
Eliza is coming to Northampton,Noho,True,Amherst,False,False,Sarah,0,0,0.5,1,1
Eliza is coming to Northampton,Noho,False,Noho,True,False,Sarah,0.025045727746326196,0,0.5,1,1
Eliza is coming to Northampton,Amherst,False,Noho,True,False,Jane,0,0,0.5,1,1
Eliza is coming to Northampton,Amherst,False,Amherst,True,False,Sarah,0,0,0.5,1,1
Eliza is coming to Northampton,Noho,False,Amherst,True,False,Sarah,0,0,0.5,1,1
Eliza is coming to Northampton,Amherst,False,Amherst,False,True,Jane,0,0,0.5,1,1
Eliza is coming to Northampton,Noho,True,Amherst,False,False,Jane,0,0,0.5,1,1
Eliza is coming to Northampton,Noho,False,Amherst,True,False,Jane,0.4749542722536739,0,0.5,1,1
Eliza is coming to Northampton,Amherst,False,Noho,False,True,Sarah,0,0,0.5,1,1
You are coming to Northampton,Amherst,False,Noho,False,True,Jane,0,0,0.75,1,1
You are coming to Northampton,Amherst,True,Amherst,False,False,Sarah,0,0,0.75,1,1
You are coming to Northampton,Amherst,False,Amherst,False,True,Sarah,0,0,0.75,1,1
You are coming to Northampton,Amherst,False,Amherst,True,False,Jane,0,0,0.75,1,1
You are coming to Northampton,Amherst,False,Noho,True,False,Sarah,0,0,0.75,1,1
You are coming to Northampton,Amherst,True,Amherst,False,False,Jane,0,0,0.75,1,1
You are coming to Northampton,Noho,True,Amherst,False,False,Sarah,0,0,0.75,1,1
You are coming to Northampton,Amherst,False,Amherst,False,True,Jane,0,0,0.75,1,1
You are coming to Northampton,Amherst,False,Noho,False,True,Sarah,1,0,0.75,1,1
You are coming to Northampton,Amherst,False,Amherst,True,False,Sarah,0,0,0.75,1,1
You are coming to Northampton,Noho,False,Amherst,True,False,Sarah,0,0,0.75,1,1
You are coming to Northampton,Noho,False,Noho,True,False,Jane,0,0,0.75,1,1
You are coming to Northampton,Noho,True,Amherst,False,False,Jane,0,0,0.75,1,1
You are coming to Northampton,Noho,False,Noho,True,False,Sarah,0,0,0.75,1,1
You are coming to Northampton,Noho,False,Amherst,True,False,Jane,0,0,0.75,1,1
You are coming to Northampton,Amherst,False,Noho,True,False,Jane,0,0,0.75,1,1
I am coming to Northampton,Amherst,False,Noho,False,True,Sarah,0,0,0.75,1,1
I am coming to Northampton,Amherst,False,Noho,False,True,Jane,0,0,0.75,1,1
I am coming to Northampton,Amherst,True,Amherst,False,False,Sarah,0,0,0.75,1,1
I am coming to Northampton,Amherst,False,Amherst,False,True,Sarah,0,0,0.75,1,1
I am coming to Northampton,Amherst,False,Amherst,True,False,Jane,0,0,0.75,1,1
I am coming to Northampton,Amherst,False,Noho,True,False,Sarah,0,0,0.75,1,1
I am coming to Northampton,Amherst,True,Amherst,False,False,Jane,0,0,0.75,1,1
I am coming to Northampton,Noho,True,Amherst,False,False,Sarah,0,0,0.75,1,1
I am coming to Northampton,Amherst,False,Amherst,False,True,Jane,0,0,0.75,1,1
I am coming to Northampton,Amherst,False,Noho,True,False,Jane,0,0,0.75,1,1
I am coming to Northampton,Amherst,False,Amherst,True,False,Sarah,0,0,0.75,1,1
I am coming to Northampton,Noho,False,Amherst,True,False,Sarah,0,0,0.75,1,1
I am coming to Northampton,Noho,False,Noho,True,False,Jane,0,0,0.75,1,1
I am coming to Northampton,Noho,False,Noho,True,False,Sarah,0,0,0.75,1,1
I am coming to Northampton,Noho,False,Amherst,True,False,Jane,0,0,0.75,1,1
I am coming to Northampton,Noho,True,Amherst,False,False,Jane,1,0,0.75,1,1
You are going to Northampton,Amherst,False,Noho,True,False,Sarah,0,0,0.75,1,1
You are going to Northampton,Amherst,True,Amherst,False,False,Sarah,0,0,0.75,1,1
You are going to Northampton,Amherst,True,Amherst,False,False,Jane,0,0,0.75,1,1
You are going to Northampton,Amherst,False,Amherst,True,False,Jane,0,0,0.75,1,1
You are going to Northampton,Amherst,False,Noho,False,True,Jane,0.19457190285927964,0,0.75,1,1
You are going to Northampton,Amherst,False,Amherst,False,True,Sarah,0.4072374628542937,0,0.75,1,1
You are going to Northampton,Noho,True,Amherst,False,False,Sarah,0,0,0.75,1,1
You are going to Northampton,Amherst,False,Amherst,False,True,Jane,0.19457190285927964,0,0.75,1,1
You are going to Northampton,Amherst,False,Noho,False,True,Sarah,0.20361873142714682,0,0.75,1,1
You are going to Northampton,Amherst,False,Amherst,True,False,Sarah,0,0,0.75,1,1
You are going to Northampton,Noho,False,Amherst,True,False,Sarah,0,0,0.75,1,1
You are going to Northampton,Noho,False,Noho,True,False,Jane,0,0,0.75,1,1
You are going to Northampton,Noho,True,Amherst,False,False,Jane,0,0,0.75,1,1
You are going to Northampton,Noho,False,Noho,True,False,Sarah,0,0,0.75,1,1
You are going to Northampton,Noho,False,Amherst,True,False,Jane,0,0,0.75,1,1
You are going to Northampton,Amherst,False,Noho,True,False,Jane,0,0,0.75,1,1
I am going to Northampton,Amherst,False,Noho,False,True,Sarah,0,0,0.75,1,1
I am going to Northampton,Amherst,False,Noho,False,True,Jane,0,0,0.75,1,1
I am going to Northampton,Amherst,True,Amherst,False,False,Sarah,0.3680967157596211,0,0.75,1,1
I am going to Northampton,Amherst,False,Amherst,False,True,Sarah,0,0,0.75,1,1
I am going to Northampton,Amherst,False,Amherst,True,False,Jane,0,0,0.75,1,1
I am going to Northampton,Amherst,False,Noho,True,False,Sarah,0,0,0.75,1,1
I am going to Northampton,Amherst,True,Amherst,False,False,Jane,0.17587104565383854,0,0.75,1,1
I am going to Northampton,Noho,True,Amherst,False,False,Sarah,0.3680967157596211,0,0.75,1,1
I am going to Northampton,Amherst,False,Amherst,False,True,Jane,0,0,0.75,1,1
I am going to Northampton,Amherst,False,Noho,True,False,Jane,0,0,0.75,1,1
I am going to Northampton,Amherst,False,Amherst,True,False,Sarah,0,0,0.75,1,1
I am going to Northampton,Noho,False,Amherst,True,False,Sarah,0,0,0.75,1,1
I am going to Northampton,Noho,False,Noho,True,False,Jane,0,0,0.75,1,1
I am going to Northampton,Noho,False,Noho,True,False,Sarah,0,0,0.75,1,1
I am going to Northampton,Noho,False,Amherst,True,False,Jane,0,0,0.75,1,1
I am going to Northampton,Noho,True,Amherst,False,False,Jane,0.08793552282691924,0,0.75,1,1
Eliza is going to Northampton,Amherst,False,Noho,False,True,Jane,0,0,0.75,1,1
Eliza is going to Northampton,Amherst,False,Amherst,False,True,Jane,0,0,0.75,1,1
Eliza is going to Northampton,Amherst,False,Amherst,False,True,Sarah,0,0,0.75,1,1
Eliza is going to Northampton,Amherst,True,Amherst,False,False,Sarah,0,0,0.75,1,1
Eliza is going to Northampton,Amherst,True,Amherst,False,False,Jane,0,0,0.75,1,1
Eliza is going to Northampton,Amherst,False,Amherst,True,False,Jane,0.10777050781885235,0,0.75,1,1
Eliza is going to Northampton,Amherst,False,Noho,True,False,Sarah,0.11278141275724046,0,0.75,1,1
Eliza is going to Northampton,Noho,False,Noho,True,False,Jane,0.05388525390942617,0,0.75,1,1
Eliza is going to Northampton,Noho,True,Amherst,False,False,Sarah,0,0,0.75,1,1
Eliza is going to Northampton,Noho,False,Noho,True,False,Sarah,0.11278141275724046,0,0.75,1,1
Eliza is going to Northampton,Amherst,False,Noho,True,False,Jane,0.10777050781885235,0,0.75,1,1
Eliza is going to Northampton,Amherst,False,Amherst,True,False,Sarah,0.225562825514481,0,0.75,1,1
Eliza is going to Northampton,Noho,False,Amherst,True,False,Sarah,0.225562825514481,0,0.75,1,1
Eliza is going to Northampton,Noho,True,Amherst,False,False,Jane,0,0,0.75,1,1
Eliza is going to Northampton,Noho,False,Amherst,True,False,Jane,0.05388525390942617,0,0.75,1,1
Eliza is going to Northampton,Amherst,False,Noho,False,True,Sarah,0,0,0.75,1,1
Eliza is coming to Northampton,Amherst,False,Noho,False,True,Jane,0,0,0.75,1,1
Eliza is coming to Northampton,Amherst,False,Amherst,False,True,Sarah,0,0,0.75,1,1
Eliza is coming to Northampton,Amherst,True,Amherst,False,False,Sarah,0,0,0.75,1,1
Eliza is coming to Northampton,Noho,False,Noho,True,False,Jane,0.1616557617282785,0,0.75,1,1
Eliza is coming to Northampton,Amherst,False,Amherst,True,False,Jane,0,0,0.75,1,1
Eliza is coming to Northampton,Amherst,False,Noho,True,False,Sarah,0.3383442382717215,0,0.75,1,1
Eliza is coming to Northampton,Amherst,True,Amherst,False,False,Jane,0,0,0.75,1,1
Eliza is coming to Northampton,Noho,True,Amherst,False,False,Sarah,0,0,0.75,1,1
Eliza is coming to Northampton,Noho,False,Noho,True,False,Sarah,0.3383442382717215,0,0.75,1,1
Eliza is coming to Northampton,Amherst,False,Noho,True,False,Jane,0,0,0.75,1,1
Eliza is coming to Northampton,Amherst,False,Amherst,True,False,Sarah,0,0,0.75,1,1
Eliza is coming to Northampton,Noho,False,Amherst,True,False,Sarah,0,0,0.75,1,1
Eliza is coming to Northampton,Amherst,False,Amherst,False,True,Jane,0,0,0.75,1,1
Eliza is coming to Northampton,Noho,True,Amherst,False,False,Jane,0,0,0.75,1,1
Eliza is coming to Northampton,Noho,False,Amherst,True,False,Jane,0.1616557617282785,0,0.75,1,1
Eliza is coming to Northampton,Amherst,False,Noho,False,True,Sarah,0,0,0.75,1,1
You are coming to Northampton,Amherst,False,Noho,False,True,Jane,0,0,0,1,1
You are coming to Northampton,Amherst,True,Amherst,False,False,Sarah,0,0,0,1,1
You are coming to Northampton,Amherst,False,Amherst,False,True,Sarah,0,0,0,1,1
You are coming to Northampton,Amherst,False,Amherst,True,False,Jane,0,0,0,1,1
You are coming to Northampton,Amherst,False,Noho,True,False,Sarah,0,0,0,1,1
You are coming to Northampton,Amherst,True,Amherst,False,False,Jane,0,0,0,1,1
You are coming to Northampton,Noho,True,Amherst,False,False,Sarah,0,0,0,1,1
You are coming to Northampton,Amherst,False,Amherst,False,True,Jane,0,0,0,1,1
You are coming to Northampton,Amherst,False,Noho,False,True,Sarah,1,0,0,1,1
You are coming to Northampton,Amherst,False,Amherst,True,False,Sarah,0,0,0,1,1
You are coming to Northampton,Noho,False,Amherst,True,False,Sarah,0,0,0,1,1
You are coming to Northampton,Noho,False,Noho,True,False,Jane,0,0,0,1,1
You are coming to Northampton,Noho,True,Amherst,False,False,Jane,0,0,0,1,1
You are coming to Northampton,Noho,False,Noho,True,False,Sarah,0,0,0,1,1
You are coming to Northampton,Noho,False,Amherst,True,False,Jane,0,0,0,1,1
You are coming to Northampton,Amherst,False,Noho,True,False,Jane,0,0,0,1,1
I am coming to Northampton,Amherst,False,Noho,False,True,Sarah,0,0,0,1,1
I am coming to Northampton,Amherst,False,Noho,False,True,Jane,0,0,0,1,1
I am coming to Northampton,Amherst,True,Amherst,False,False,Sarah,0,0,0,1,1
I am coming to Northampton,Amherst,False,Amherst,False,True,Sarah,0,0,0,1,1
I am coming to Northampton,Amherst,False,Amherst,True,False,Jane,0,0,0,1,1
I am coming to Northampton,Amherst,False,Noho,True,False,Sarah,0,0,0,1,1
I am coming to Northampton,Amherst,True,Amherst,False,False,Jane,0,0,0,1,1
I am coming to Northampton,Noho,True,Amherst,False,False,Sarah,0,0,0,1,1
I am coming to Northampton,Amherst,False,Amherst,False,True,Jane,0,0,0,1,1
I am coming to Northampton,Amherst,False,Noho,True,False,Jane,0,0,0,1,1
I am coming to Northampton,Amherst,False,Amherst,True,False,Sarah,0,0,0,1,1
I am coming to Northampton,Noho,False,Amherst,True,False,Sarah,0,0,0,1,1
I am coming to Northampton,Noho,False,Noho,True,False,Jane,0,0,0,1,1
I am coming to Northampton,Noho,False,Noho,True,False,Sarah,0,0,0,1,1
I am coming to Northampton,Noho,False,Amherst,True,False,Jane,0,0,0,1,1
I am coming to Northampton,Noho,True,Amherst,False,False,Jane,1,0,0,1,1
You are going to Northampton,Amherst,False,Noho,True,False,Sarah,0,0,0,1,1
You are going to Northampton,Amherst,True,Amherst,False,False,Sarah,0,0,0,1,1
You are going to Northampton,Amherst,True,Amherst,False,False,Jane,0,0,0,1,1
You are going to Northampton,Amherst,False,Amherst,True,False,Jane,0,0,0,1,1
You are going to Northampton,Amherst,False,Noho,False,True,Jane,0.26788517874484175,0,0,1,1
You are going to Northampton,Amherst,False,Amherst,False,True,Sarah,0.30948642834021106,0,0,1,1
You are going to Northampton,Noho,True,Amherst,False,False,Sarah,0,0,0,1,1
You are going to Northampton,Amherst,False,Amherst,False,True,Jane,0.26788517874484175,0,0,1,1
You are going to Northampton,Amherst,False,Noho,False,True,Sarah,0.1547432141701055,0,0,1,1
You are going to Northampton,Amherst,False,Amherst,True,False,Sarah,0,0,0,1,1
You are going to Northampton,Noho,False,Amherst,True,False,Sarah,0,0,0,1,1
You are going to Northampton,Noho,False,Noho,True,False,Jane,0,0,0,1,1
You are going to Northampton,Noho,True,Amherst,False,False,Jane,0,0,0,1,1
You are going to Northampton,Noho,False,Noho,True,False,Sarah,0,0,0,1,1
You are going to Northampton,Noho,False,Amherst,True,False,Jane,0,0,0,1,1
You are going to Northampton,Amherst,False,Noho,True,False,Jane,0,0,0,1,1
I am going to Northampton,Amherst,False,Noho,False,True,Sarah,0,0,0,1,1
I am going to Northampton,Amherst,False,Noho,False,True,Jane,0,0,0,1,1
I am going to Northampton,Amherst,True,Amherst,False,False,Sarah,0.30318009298000675,0,0,1,1
I am going to Northampton,Amherst,False,Amherst,False,True,Sarah,0,0,0,1,1
I am going to Northampton,Amherst,False,Amherst,True,False,Jane,0,0,0,1,1
I am going to Northampton,Amherst,False,Noho,True,False,Sarah,0,0,0,1,1
I am going to Northampton,Amherst,True,Amherst,False,False,Jane,0.2624265426933243,0,0,1,1
I am going to Northampton,Noho,True,Amherst,False,False,Sarah,0.30318009298000675,0,0,1,1
I am going to Northampton,Amherst,False,Amherst,False,True,Jane,0,0,0,1,1
I am going to Northampton,Amherst,False,Noho,True,False,Jane,0,0,0,1,1
I am going to Northampton,Amherst,False,Amherst,True,False,Sarah,0,0,0,1,1
I am going to Northampton,Noho,False,Amherst,True,False,Sarah,0,0,0,1,1
I am going to Northampton,Noho,False,Noho,True,False,Jane,0,0,0,1,1
I am going to Northampton,Noho,False,Noho,True,False,Sarah,0,0,0,1,1
I am going to Northampton,Noho,False,Amherst,True,False,Jane,0,0,0,1,1
I am going to Northampton,Noho,True,Amherst,False,False,Jane,0.13121327134666216,0,0,1,1
Eliza is going to Northampton,Amherst,False,Noho,False,True,Jane,0,0,0,1,1
Eliza is going to Northampton,Amherst,False,Amherst,False,True,Jane,0,0,0,1,1
Eliza is going to Northampton,Amherst,False,Amherst,False,True,Sarah,0,0,0,1,1
Eliza is going to Northampton,Amherst,True,Amherst,False,False,Sarah,0,0,0,1,1
Eliza is going to Northampton,Amherst,True,Amherst,False,False,Jane,0,0,0,1,1
Eliza is going to Northampton,Amherst,False,Amherst,True,False,Jane,0.15465786416556476,0,0,1,1
Eliza is going to Northampton,Amherst,False,Noho,True,False,Sarah,0.0893377345838843,0,0,1,1
Eliza is going to Northampton,Noho,False,Noho,True,False,Jane,0.07732893208278238,0,0,1,1
Eliza is going to Northampton,Noho,True,Amherst,False,False,Sarah,0,0,0,1,1
Eliza is going to Northampton,Noho,False,Noho,True,False,Sarah,0.0893377345838843,0,0,1,1
Eliza is going to Northampton,Amherst,False,Noho,True,False,Jane,0.15465786416556476,0,0,1,1
Eliza is going to Northampton,Amherst,False,Amherst,True,False,Sarah,0.1786754691677686,0,0,1,1
Eliza is going to Northampton,Noho,False,Amherst,True,False,Sarah,0.1786754691677686,0,0,1,1
Eliza is going to Northampton,Noho,True,Amherst,False,False,Jane,0,0,0,1,1
Eliza is going to Northampton,Noho,False,Amherst,True,False,Jane,0.07732893208278238,0,0,1,1
Eliza is going to Northampton,Amherst,False,Noho,False,True,Sarah,0,0,0,1,1
Eliza is coming to Northampton,Amherst,False,Noho,False,True,Jane,0,0,0,1,1
Eliza is coming to Northampton,Amherst,False,Amherst,False,True,Sarah,0,0,0,1,1
Eliza is coming to Northampton,Amherst,True,Amherst,False,False,Sarah,0,0,0,1,1
Eliza is coming to Northampton,Noho,False,Noho,True,False,Jane,0.23198679624834712,0,0,1,1
Eliza is coming to Northampton,Amherst,False,Amherst,True,False,Jane,0,0,0,1,1
Eliza is coming to Northampton,Amherst,False,Noho,True,False,Sarah,0.26801320375165283,0,0,1,1
Eliza is coming to Northampton,Amherst,True,Amherst,False,False,Jane,0,0,0,1,1
Eliza is coming to Northampton,Noho,True,Amherst,False,False,Sarah,0,0,0,1,1
Eliza is coming to Northampton,Noho,False,Noho,True,False,Sarah,0.26801320375165283,0,0,1,1
Eliza is coming to Northampton,Amherst,False,Noho,True,False,Jane,0,0,0,1,1
Eliza is coming to Northampton,Amherst,False,Amherst,True,False,Sarah,0,0,0,1,1
Eliza is coming to Northampton,Noho,False,Amherst,True,False,Sarah,0,0,0,1,1
Eliza is coming to Northampton,Amherst,False,Amherst,False,True,Jane,0,0,0,1,1
Eliza is coming to Northampton,Noho,True,Amherst,False,False,Jane,0,0,0,1,1
Eliza is coming to Northampton,Noho,False,Amherst,True,False,Jane,0.23198679624834712,0,0,1,1
Eliza is coming to Northampton,Amherst,False,Noho,False,True,Sarah,0,0,0,1,1
You are coming to Northampton,Amherst,False,Noho,False,True,Jane,0,0,1,1,1
You are coming to Northampton,Amherst,True,Amherst,False,False,Sarah,0,0,1,1,1
You are coming to Northampton,Amherst,False,Amherst,False,True,Sarah,0,0,1,1,1
You are coming to Northampton,Amherst,False,Amherst,True,False,Jane,0,0,1,1,1
You are coming to Northampton,Amherst,False,Noho,True,False,Sarah,0,0,1,1,1
You are coming to Northampton,Amherst,True,Amherst,False,False,Jane,0,0,1,1,1
You are coming to Northampton,Noho,True,Amherst,False,False,Sarah,0,0,1,1,1
You are coming to Northampton,Amherst,False,Amherst,False,True,Jane,0,0,1,1,1
You are coming to Northampton,Amherst,False,Noho,False,True,Sarah,1,0,1,1,1
You are coming to Northampton,Amherst,False,Amherst,True,False,Sarah,0,0,1,1,1
You are coming to Northampton,Noho,False,Amherst,True,False,Sarah,0,0,1,1,1
You are coming to Northampton,Noho,False,Noho,True,False,Jane,0,0,1,1,1
You are coming to Northampton,Noho,True,Amherst,False,False,Jane,0,0,1,1,1
You are coming to Northampton,Noho,False,Noho,True,False,Sarah,0,0,1,1,1
You are coming to Northampton,Noho,False,Amherst,True,False,Jane,0,0,1,1,1
You are coming to Northampton,Amherst,False,Noho,True,False,Jane,0,0,1,1,1
I am coming to Northampton,Amherst,False,Noho,False,True,Sarah,0,0,1,1,1
I am coming to Northampton,Amherst,False,Noho,False,True,Jane,0,0,1,1,1
I am coming to Northampton,Amherst,True,Amherst,False,False,Sarah,0,0,1,1,1
I am coming to Northampton,Amherst,False,Amherst,False,True,Sarah,0,0,1,1,1
I am coming to Northampton,Amherst,False,Amherst,True,False,Jane,0,0,1,1,1
I am coming to Northampton,Amherst,False,Noho,True,False,Sarah,0,0,1,1,1
I am coming to Northampton,Amherst,True,Amherst,False,False,Jane,0,0,1,1,1
I am coming to Northampton,Noho,True,Amherst,False,False,Sarah,0,0,1,1,1
I am coming to Northampton,Amherst,False,Amherst,False,True,Jane,0,0,1,1,1
I am coming to Northampton,Amherst,False,Noho,True,False,Jane,0,0,1,1,1
I am coming to Northampton,Amherst,False,Amherst,True,False,Sarah,0,0,1,1,1
I am coming to Northampton,Noho,False,Amherst,True,False,Sarah,0,0,1,1,1
I am coming to Northampton,Noho,False,Noho,True,False,Jane,0,0,1,1,1
I am coming to Northampton,Noho,False,Noho,True,False,Sarah,0,0,1,1,1
I am coming to Northampton,Noho,False,Amherst,True,False,Jane,0,0,1,1,1
I am coming to Northampton,Noho,True,Amherst,False,False,Jane,1,0,1,1,1
You are going to Northampton,Amherst,False,Noho,True,False,Sarah,0,0,1,1,1
You are going to Northampton,Amherst,True,Amherst,False,False,Sarah,0,0,1,1,1
You are going to Northampton,Amherst,True,Amherst,False,False,Jane,0,0,1,1,1
You are going to Northampton,Amherst,False,Amherst,True,False,Jane,0,0,1,1,1
You are going to Northampton,Amherst,False,Noho,False,True,Jane,0.28570253343387786,0,1,1,1
You are going to Northampton,Amherst,False,Amherst,False,True,Sarah,0.28572995542149626,0,1,1,1
You are going to Northampton,Noho,True,Amherst,False,False,Sarah,0,0,1,1,1
You are going to Northampton,Amherst,False,Amherst,False,True,Jane,0.28570253343387786,0,1,1,1
You are going to Northampton,Amherst,False,Noho,False,True,Sarah,0.1428649777107481,0,1,1,1
You are going to Northampton,Amherst,False,Amherst,True,False,Sarah,0,0,1,1,1
You are going to Northampton,Noho,False,Amherst,True,False,Sarah,0,0,1,1,1
You are going to Northampton,Noho,False,Noho,True,False,Jane,0,0,1,1,1
You are going to Northampton,Noho,True,Amherst,False,False,Jane,0,0,1,1,1
You are going to Northampton,Noho,False,Noho,True,False,Sarah,0,0,1,1,1
You are going to Northampton,Noho,False,Amherst,True,False,Jane,0,0,1,1,1
You are going to Northampton,Amherst,False,Noho,True,False,Jane,0,0,1,1,1
I am going to Northampton,Amherst,False,Noho,False,True,Sarah,0,0,1,1,1
I am going to Northampton,Amherst,False,Noho,False,True,Jane,0,0,1,1,1
I am going to Northampton,Amherst,True,Amherst,False,False,Sarah,0.2857260378335603,0,1,1,1
I am going to Northampton,Amherst,False,Amherst,False,True,Sarah,0,0,1,1,1
I am going to Northampton,Amherst,False,Amherst,True,False,Jane,0,0,1,1,1
I am going to Northampton,Amherst,False,Noho,True,False,Sarah,0,0,1,1,1
I am going to Northampton,Amherst,True,Amherst,False,False,Jane,0.28569861622191944,0,1,1,1
I am going to Northampton,Noho,True,Amherst,False,False,Sarah,0.2857260378335603,0,1,1,1
I am going to Northampton,Amherst,False,Amherst,False,True,Jane,0,0,1,1,1
I am going to Northampton,Amherst,False,Noho,True,False,Jane,0,0,1,1,1
I am going to Northampton,Amherst,False,Amherst,True,False,Sarah,0,0,1,1,1
I am going to Northampton,Noho,False,Amherst,True,False,Sarah,0,0,1,1,1
I am going to Northampton,Noho,False,Noho,True,False,Jane,0,0,1,1,1
I am going to Northampton,Noho,False,Noho,True,False,Sarah,0,0,1,1,1
I am going to Northampton,Noho,False,Amherst,True,False,Jane,0,0,1,1,1
I am going to Northampton,Noho,True,Amherst,False,False,Jane,0.14284930811095972,0,1,1,1
Eliza is going to Northampton,Amherst,False,Noho,False,True,Jane,0,0,1,1,1
Eliza is going to Northampton,Amherst,False,Amherst,False,True,Jane,0,0,1,1,1
Eliza is going to Northampton,Amherst,False,Amherst,False,True,Sarah,0,0,1,1,1
Eliza is going to Northampton,Amherst,True,Amherst,False,False,Sarah,0,0,1,1,1
Eliza is going to Northampton,Amherst,True,Amherst,False,False,Jane,0,0,1,1,1
Eliza is going to Northampton,Amherst,False,Amherst,True,False,Jane,0.1666586686417751,0,1,1,1
Eliza is going to Northampton,Amherst,False,Noho,True,False,Sarah,0.08333733234577914,0,1,1,1
Eliza is going to Northampton,Noho,False,Noho,True,False,Jane,0.08332933432088754,0,1,1,1
Eliza is going to Northampton,Noho,True,Amherst,False,False,Sarah,0,0,1,1,1
Eliza is going to Northampton,Noho,False,Noho,True,False,Sarah,0.08333733234577914,0,1,1,1
Eliza is going to Northampton,Amherst,False,Noho,True,False,Jane,0.1666586686417751,0,1,1,1
Eliza is going to Northampton,Amherst,False,Amherst,True,False,Sarah,0.16667466469155828,0,1,1,1
Eliza is going to Northampton,Noho,False,Amherst,True,False,Sarah,0.16667466469155828,0,1,1,1
Eliza is going to Northampton,Noho,True,Amherst,False,False,Jane,0,0,1,1,1
Eliza is going to Northampton,Noho,False,Amherst,True,False,Jane,0.08332933432088754,0,1,1,1
Eliza is going to Northampton,Amherst,False,Noho,False,True,Sarah,0,0,1,1,1
Eliza is coming to Northampton,Amherst,False,Noho,False,True,Jane,0,0,1,1,1
Eliza is coming to Northampton,Amherst,False,Amherst,False,True,Sarah,0,0,1,1,1
Eliza is coming to Northampton,Amherst,True,Amherst,False,False,Sarah,0,0,1,1,1
Eliza is coming to Northampton,Noho,False,Noho,True,False,Jane,0.24998800296266258,0,1,1,1
Eliza is coming to Northampton,Amherst,False,Amherst,True,False,Jane,0,0,1,1,1
Eliza is coming to Northampton,Amherst,False,Noho,True,False,Sarah,0.2500119970373374,0,1,1,1
Eliza is coming to Northampton,Amherst,True,Amherst,False,False,Jane,0,0,1,1,1
Eliza is coming to Northampton,Noho,True,Amherst,False,False,Sarah,0,0,1,1,1
Eliza is coming to Northampton,Noho,False,Noho,True,False,Sarah,0.2500119970373374,0,1,1,1
Eliza is coming to Northampton,Amherst,False,Noho,True,False,Jane,0,0,1,1,1
Eliza is coming to Northampton,Amherst,False,Amherst,True,False,Sarah,0,0,1,1,1
Eliza is coming to Northampton,Noho,False,Amherst,True,False,Sarah,0,0,1,1,1
Eliza is coming to Northampton,Amherst,False,Amherst,False,True,Jane,0,0,1,1,1
Eliza is coming to Northampton,Noho,True,Amherst,False,False,Jane,0,0,1,1,1
Eliza is coming to Northampton,Noho,False,Amherst,True,False,Jane,0.24998800296266258,0,1,1,1
Eliza is coming to Northampton,Amherst,False,Noho,False,True,Sarah,0,0,1,1,1
You are coming to Northampton,Amherst,False,Noho,False,True,Jane,0,1,0.25,1,1
You are coming to Northampton,Amherst,True,Amherst,False,False,Sarah,0,1,0.25,1,1
You are coming to Northampton,Amherst,False,Amherst,False,True,Sarah,0,1,0.25,1,1
You are coming to Northampton,Amherst,False,Amherst,True,False,Jane,0,1,0.25,1,1
You are coming to Northampton,Amherst,False,Noho,True,False,Sarah,0,1,0.25,1,1
You are coming to Northampton,Amherst,True,Amherst,False,False,Jane,0,1,0.25,1,1
You are coming to Northampton,Noho,True,Amherst,False,False,Sarah,0,1,0.25,1,1
You are coming to Northampton,Amherst,False,Amherst,False,True,Jane,0,1,0.25,1,1
You are coming to Northampton,Amherst,False,Noho,False,True,Sarah,1,1,0.25,1,1
You are coming to Northampton,Amherst,False,Amherst,True,False,Sarah,0,1,0.25,1,1
You are coming to Northampton,Noho,False,Amherst,True,False,Sarah,0,1,0.25,1,1
You are coming to Northampton,Noho,False,Noho,True,False,Jane,0,1,0.25,1,1
You are coming to Northampton,Noho,True,Amherst,False,False,Jane,0,1,0.25,1,1
You are coming to Northampton,Noho,False,Noho,True,False,Sarah,0,1,0.25,1,1
You are coming to Northampton,Noho,False,Amherst,True,False,Jane,0,1,0.25,1,1
You are coming to Northampton,Amherst,False,Noho,True,False,Jane,0,1,0.25,1,1
I am coming to Northampton,Amherst,False,Noho,False,True,Sarah,0,1,0.25,1,1
I am coming to Northampton,Amherst,False,Noho,False,True,Jane,0,1,0.25,1,1
I am coming to Northampton,Amherst,True,Amherst,False,False,Sarah,0,1,0.25,1,1
I am coming to Northampton,Amherst,False,Amherst,False,True,Sarah,0,1,0.25,1,1
I am coming to Northampton,Amherst,False,Amherst,True,False,Jane,0,1,0.25,1,1
I am coming to Northampton,Amherst,False,Noho,True,False,Sarah,0,1,0.25,1,1
I am coming to Northampton,Amherst,True,Amherst,False,False,Jane,0,1,0.25,1,1
I am coming to Northampton,Noho,True,Amherst,False,False,Sarah,0,1,0.25,1,1
I am coming to Northampton,Amherst,False,Amherst,False,True,Jane,0,1,0.25,1,1
I am coming to Northampton,Amherst,False,Noho,True,False,Jane,0,1,0.25,1,1
I am coming to Northampton,Amherst,False,Amherst,True,False,Sarah,0,1,0.25,1,1
I am coming to Northampton,Noho,False,Amherst,True,False,Sarah,0,1,0.25,1,1
I am coming to Northampton,Noho,False,Noho,True,False,Jane,0,1,0.25,1,1
I am coming to Northampton,Noho,False,Noho,True,False,Sarah,0,1,0.25,1,1
I am coming to Northampton,Noho,False,Amherst,True,False,Jane,0,1,0.25,1,1
I am coming to Northampton,Noho,True,Amherst,False,False,Jane,1,1,0.25,1,1
You are going to Northampton,Amherst,False,Noho,True,False,Sarah,0,1,0.25,1,1
You are going to Northampton,Amherst,True,Amherst,False,False,Sarah,0,1,0.25,1,1
You are going to Northampton,Amherst,True,Amherst,False,False,Jane,0,1,0.25,1,1
You are going to Northampton,Amherst,False,Amherst,True,False,Jane,0,1,0.25,1,1
You are going to Northampton,Amherst,False,Noho,False,True,Jane,0.23398155333751794,1,0.25,1,1
You are going to Northampton,Amherst,False,Amherst,False,True,Sarah,0.5320368933249641,1,0.25,1,1
You are going to Northampton,Noho,True,Amherst,False,False,Sarah,0,1,0.25,1,1
You are going to Northampton,Amherst,False,Amherst,False,True,Jane,0.23398155333751794,1,0.25,1,1
You are going to Northampton,Amherst,False,Noho,True,False,Jane,0,1,0.25,1,1
You are going to Northampton,Amherst,False,Amherst,True,False,Sarah,0,1,0.25,1,1
You are going to Northampton,Noho,False,Amherst,True,False,Sarah,0,1,0.25,1,1
You are going to Northampton,Noho,False,Noho,True,False,Jane,0,1,0.25,1,1
You are going to Northampton,Noho,True,Amherst,False,False,Jane,0,1,0.25,1,1
You are going to Northampton,Noho,False,Noho,True,False,Sarah,0,1,0.25,1,1
You are going to Northampton,Noho,False,Amherst,True,False,Jane,0,1,0.25,1,1
You are going to Northampton,Amherst,False,Noho,False,True,Sarah,0,1,0.25,1,1
I am going to Northampton,Amherst,False,Noho,False,True,Jane,0,1,0.25,1,1
I am going to Northampton,Amherst,True,Amherst,False,False,Sarah,0.40987227349652877,1,0.25,1,1
I am going to Northampton,Amherst,False,Amherst,False,True,Sarah,0,1,0.25,1,1
I am going to Northampton,Amherst,False,Amherst,True,False,Jane,0,1,0.25,1,1
I am going to Northampton,Amherst,False,Noho,True,False,Sarah,0,1,0.25,1,1
I am going to Northampton,Amherst,True,Amherst,False,False,Jane,0.18025545300694257,1,0.25,1,1
I am going to Northampton,Noho,True,Amherst,False,False,Sarah,0.40987227349652877,1,0.25,1,1
I am going to Northampton,Amherst,False,Amherst,False,True,Jane,0,1,0.25,1,1
I am going to Northampton,Amherst,False,Noho,True,False,Jane,0,1,0.25,1,1
I am going to Northampton,Amherst,False,Amherst,True,False,Sarah,0,1,0.25,1,1
I am going to Northampton,Noho,False,Amherst,True,False,Sarah,0,1,0.25,1,1
I am going to Northampton,Noho,False,Noho,True,False,Jane,0,1,0.25,1,1
I am going to Northampton,Noho,True,Amherst,False,False,Jane,0,1,0.25,1,1
I am going to Northampton,Noho,False,Noho,True,False,Sarah,0,1,0.25,1,1
I am going to Northampton,Noho,False,Amherst,True,False,Jane,0,1,0.25,1,1
I am going to Northampton,Amherst,False,Noho,False,True,Sarah,0,1,0.25,1,1
Eliza is going to Northampton,Amherst,False,Noho,False,True,Jane,0,1,0.25,1,1
Eliza is going to Northampton,Amherst,True,Amherst,False,False,Sarah,0,1,0.25,1,1
Eliza is going to Northampton,Amherst,False,Amherst,False,True,Sarah,0,1,0.25,1,1
Eliza is going to Northampton,Amherst,False,Amherst,True,False,Jane,0.15272579554511262,1,0.25,1,1
Eliza is going to Northampton,Amherst,False,Noho,True,False,Sarah,0,1,0.25,1,1
Eliza is going to Northampton,Amherst,True,Amherst,False,False,Jane,0,1,0.25,1,1
Eliza is going to Northampton,Noho,True,Amherst,False,False,Sarah,0,1,0.25,1,1
Eliza is going to Northampton,Amherst,False,Amherst,False,True,Jane,0,1,0.25,1,1
Eliza is going to Northampton,Amherst,False,Noho,True,False,Jane,0.15272579554511262,1,0.25,1,1
Eliza is going to Northampton,Amherst,False,Amherst,True,False,Sarah,0.34727420445488744,1,0.25,1,1
Eliza is going to Northampton,Noho,False,Amherst,True,False,Sarah,0.34727420445488744,1,0.25,1,1
Eliza is going to Northampton,Noho,False,Noho,True,False,Jane,0,1,0.25,1,1
Eliza is going to Northampton,Noho,True,Amherst,False,False,Jane,0,1,0.25,1,1
Eliza is going to Northampton,Noho,False,Noho,True,False,Sarah,0,1,0.25,1,1
Eliza is going to Northampton,Noho,False,Amherst,True,False,Jane,0,1,0.25,1,1
Eliza is going to Northampton,Amherst,False,Noho,False,True,Sarah,0,1,0.25,1,1
Eliza is coming to Northampton,Amherst,False,Noho,False,True,Jane,0,1,0.25,1,1
Eliza is coming to Northampton,Amherst,False,Amherst,False,True,Sarah,0,1,0.25,1,1
Eliza is coming to Northampton,Amherst,True,Amherst,False,False,Sarah,0,1,0.25,1,1
Eliza is coming to Northampton,Noho,False,Noho,True,False,Jane,0.15272579554511262,1,0.25,1,1
Eliza is coming to Northampton,Amherst,False,Amherst,True,False,Jane,0,1,0.25,1,1
Eliza is coming to Northampton,Amherst,False,Noho,True,False,Sarah,0.34727420445488744,1,0.25,1,1
Eliza is coming to Northampton,Amherst,True,Amherst,False,False,Jane,0,1,0.25,1,1
Eliza is coming to Northampton,Noho,True,Amherst,False,False,Sarah,0,1,0.25,1,1
Eliza is coming to Northampton,Noho,False,Noho,True,False,Sarah,0.34727420445488744,1,0.25,1,1
Eliza is coming to Northampton,Amherst,False,Noho,True,False,Jane,0,1,0.25,1,1
Eliza is coming to Northampton,Amherst,False,Amherst,True,False,Sarah,0,1,0.25,1,1
Eliza is coming to Northampton,Noho,False,Amherst,True,False,Sarah,0,1,0.25,1,1
Eliza is coming to Northampton,Amherst,False,Amherst,False,True,Jane,0,1,0.25,1,1
Eliza is coming to Northampton,Noho,True,Amherst,False,False,Jane,0,1,0.25,1,1
Eliza is coming to Northampton,Noho,False,Amherst,True,False,Jane,0.15272579554511262,1,0.25,1,1
Eliza is coming to Northampton,Amherst,False,Noho,False,True,Sarah,0,1,0.25,1,1
You are coming to Northampton,Amherst,False,Noho,False,True,Jane,0,1,0.5,1,1
You are coming to Northampton,Amherst,True,Amherst,False,False,Sarah,0,1,0.5,1,1
You are coming to Northampton,Amherst,False,Amherst,False,True,Sarah,0,1,0.5,1,1
You are coming to Northampton,Amherst,False,Amherst,True,False,Jane,0,1,0.5,1,1
You are coming to Northampton,Amherst,False,Noho,True,False,Sarah,0,1,0.5,1,1
You are coming to Northampton,Amherst,True,Amherst,False,False,Jane,0,1,0.5,1,1
You are coming to Northampton,Noho,True,Amherst,False,False,Sarah,0,1,0.5,1,1
You are coming to Northampton,Amherst,False,Amherst,False,True,Jane,0,1,0.5,1,1
You are coming to Northampton,Amherst,False,Noho,False,True,Sarah,1,1,0.5,1,1
You are coming to Northampton,Amherst,False,Amherst,True,False,Sarah,0,1,0.5,1,1
You are coming to Northampton,Noho,False,Amherst,True,False,Sarah,0,1,0.5,1,1
You are coming to Northampton,Noho,False,Noho,True,False,Jane,0,1,0.5,1,1
You are coming to Northampton,Noho,True,Amherst,False,False,Jane,0,1,0.5,1,1
You are coming to Northampton,Noho,False,Noho,True,False,Sarah,0,1,0.5,1,1
You are coming to Northampton,Noho,False,Amherst,True,False,Jane,0,1,0.5,1,1
You are coming to Northampton,Amherst,False,Noho,True,False,Jane,0,1,0.5,1,1
I am coming to Northampton,Amherst,False,Noho,False,True,Sarah,0,1,0.5,1,1
I am coming to Northampton,Amherst,False,Noho,False,True,Jane,0,1,0.5,1,1
I am coming to Northampton,Amherst,True,Amherst,False,False,Sarah,0,1,0.5,1,1
I am coming to Northampton,Amherst,False,Amherst,False,True,Sarah,0,1,0.5,1,1
I am coming to Northampton,Amherst,False,Amherst,True,False,Jane,0,1,0.5,1,1
I am coming to Northampton,Amherst,False,Noho,True,False,Sarah,0,1,0.5,1,1
I am coming to Northampton,Amherst,True,Amherst,False,False,Jane,0,1,0.5,1,1
I am coming to Northampton,Noho,True,Amherst,False,False,Sarah,0,1,0.5,1,1
I am coming to Northampton,Amherst,False,Amherst,False,True,Jane,0,1,0.5,1,1
I am coming to Northampton,Amherst,False,Noho,True,False,Jane,0,1,0.5,1,1
I am coming to Northampton,Amherst,False,Amherst,True,False,Sarah,0,1,0.5,1,1
I am coming to Northampton,Noho,False,Amherst,True,False,Sarah,0,1,0.5,1,1
I am coming to Northampton,Noho,False,Noho,True,False,Jane,0,1,0.5,1,1
I am coming to Northampton,Noho,False,Noho,True,False,Sarah,0,1,0.5,1,1
I am coming to Northampton,Noho,False,Amherst,True,False,Jane,0,1,0.5,1,1
I am coming to Northampton,Noho,True,Amherst,False,False,Jane,1,1,0.5,1,1
You are going to Northampton,Amherst,False,Noho,True,False,Sarah,0,1,0.5,1,1
You are going to Northampton,Amherst,True,Amherst,False,False,Sarah,0,1,0.5,1,1
You are going to Northampton,Amherst,True,Amherst,False,False,Jane,0,1,0.5,1,1
You are going to Northampton,Amherst,False,Amherst,True,False,Jane,0,1,0.5,1,1
You are going to Northampton,Amherst,False,Noho,False,True,Jane,0.40759576125386054,1,0.5,1,1
You are going to Northampton,Amherst,False,Amherst,False,True,Sarah,0.1848084774922787,1,0.5,1,1
You are going to Northampton,Noho,True,Amherst,False,False,Sarah,0,1,0.5,1,1
You are going to Northampton,Amherst,False,Amherst,False,True,Jane,0.40759576125386054,1,0.5,1,1
You are going to Northampton,Amherst,False,Noho,True,False,Jane,0,1,0.5,1,1
You are going to Northampton,Amherst,False,Amherst,True,False,Sarah,0,1,0.5,1,1
You are going to Northampton,Noho,False,Amherst,True,False,Sarah,0,1,0.5,1,1
You are going to Northampton,Noho,False,Noho,True,False,Jane,0,1,0.5,1,1
You are going to Northampton,Noho,True,Amherst,False,False,Jane,0,1,0.5,1,1
You are going to Northampton,Noho,False,Noho,True,False,Sarah,0,1,0.5,1,1
You are going to Northampton,Noho,False,Amherst,True,False,Jane,0,1,0.5,1,1
You are going to Northampton,Amherst,False,Noho,False,True,Sarah,0,1,0.5,1,1
I am going to Northampton,Amherst,False,Noho,False,True,Jane,0,1,0.5,1,1
I am going to Northampton,Amherst,True,Amherst,False,False,Sarah,0.2377836512849679,1,0.5,1,1
I am going to Northampton,Amherst,False,Amherst,False,True,Sarah,0,1,0.5,1,1
I am going to Northampton,Amherst,False,Amherst,True,False,Jane,0,1,0.5,1,1
I am going to Northampton,Amherst,False,Noho,True,False,Sarah,0,1,0.5,1,1
I am going to Northampton,Amherst,True,Amherst,False,False,Jane,0.5244326974300642,1,0.5,1,1
I am going to Northampton,Noho,True,Amherst,False,False,Sarah,0.2377836512849679,1,0.5,1,1
I am going to Northampton,Amherst,False,Amherst,False,True,Jane,0,1,0.5,1,1
I am going to Northampton,Amherst,False,Noho,True,False,Jane,0,1,0.5,1,1
I am going to Northampton,Amherst,False,Amherst,True,False,Sarah,0,1,0.5,1,1
I am going to Northampton,Noho,False,Amherst,True,False,Sarah,0,1,0.5,1,1
I am going to Northampton,Noho,False,Noho,True,False,Jane,0,1,0.5,1,1
I am going to Northampton,Noho,True,Amherst,False,False,Jane,0,1,0.5,1,1
I am going to Northampton,Noho,False,Noho,True,False,Sarah,0,1,0.5,1,1
I am going to Northampton,Noho,False,Amherst,True,False,Jane,0,1,0.5,1,1
I am going to Northampton,Amherst,False,Noho,False,True,Sarah,0,1,0.5,1,1
Eliza is going to Northampton,Amherst,False,Noho,False,True,Jane,0,1,0.5,1,1
Eliza is going to Northampton,Amherst,True,Amherst,False,False,Sarah,0,1,0.5,1,1
Eliza is going to Northampton,Amherst,False,Amherst,False,True,Sarah,0,1,0.5,1,1
Eliza is going to Northampton,Amherst,False,Amherst,True,False,Jane,0.34401826877248765,1,0.5,1,1
Eliza is going to Northampton,Amherst,False,Noho,True,False,Sarah,0,1,0.5,1,1
Eliza is going to Northampton,Amherst,True,Amherst,False,False,Jane,0,1,0.5,1,1
Eliza is going to Northampton,Noho,True,Amherst,False,False,Sarah,0,1,0.5,1,1
Eliza is going to Northampton,Amherst,False,Amherst,False,True,Jane,0,1,0.5,1,1
Eliza is going to Northampton,Amherst,False,Noho,True,False,Jane,0.34401826877248765,1,0.5,1,1
Eliza is going to Northampton,Amherst,False,Amherst,True,False,Sarah,0.15598173122751233,1,0.5,1,1
Eliza is going to Northampton,Noho,False,Amherst,True,False,Sarah,0.15598173122751233,1,0.5,1,1
Eliza is going to Northampton,Noho,False,Noho,True,False,Jane,0,1,0.5,1,1
Eliza is going to Northampton,Noho,True,Amherst,False,False,Jane,0,1,0.5,1,1
Eliza is going to Northampton,Noho,False,Noho,True,False,Sarah,0,1,0.5,1,1
Eliza is going to Northampton,Noho,False,Amherst,True,False,Jane,0,1,0.5,1,1
Eliza is going to Northampton,Amherst,False,Noho,False,True,Sarah,0,1,0.5,1,1
Eliza is coming to Northampton,Amherst,False,Noho,False,True,Jane,0,1,0.5,1,1
Eliza is coming to Northampton,Amherst,False,Amherst,False,True,Sarah,0,1,0.5,1,1
Eliza is coming to Northampton,Amherst,True,Amherst,False,False,Sarah,0,1,0.5,1,1
Eliza is coming to Northampton,Noho,False,Noho,True,False,Jane,0.34401826877248765,1,0.5,1,1
Eliza is coming to Northampton,Amherst,False,Amherst,True,False,Jane,0,1,0.5,1,1
Eliza is coming to Northampton,Amherst,False,Noho,True,False,Sarah,0.15598173122751233,1,0.5,1,1
Eliza is coming to Northampton,Amherst,True,Amherst,False,False,Jane,0,1,0.5,1,1
Eliza is coming to Northampton,Noho,True,Amherst,False,False,Sarah,0,1,0.5,1,1
Eliza is coming to Northampton,Noho,False,Noho,True,False,Sarah,0.15598173122751233,1,0.5,1,1
Eliza is coming to Northampton,Amherst,False,Noho,True,False,Jane,0,1,0.5,1,1
Eliza is coming to Northampton,Amherst,False,Amherst,True,False,Sarah,0,1,0.5,1,1
Eliza is coming to Northampton,Noho,False,Amherst,True,False,Sarah,0,1,0.5,1,1
Eliza is coming to Northampton,Amherst,False,Amherst,False,True,Jane,0,1,0.5,1,1
Eliza is coming to Northampton,Noho,True,Amherst,False,False,Jane,0,1,0.5,1,1
Eliza is coming to Northampton,Noho,False,Amherst,True,False,Jane,0.34401826877248765,1,0.5,1,1
Eliza is coming to Northampton,Amherst,False,Noho,False,True,Sarah,0,1,0.5,1,1
You are coming to Northampton,Amherst,False,Noho,False,True,Jane,0,1,0,1,1
You are coming to Northampton,Amherst,True,Amherst,False,False,Sarah,0,1,0,1,1
You are coming to Northampton,Amherst,False,Amherst,False,True,Sarah,0,1,0,1,1
You are coming to Northampton,Amherst,False,Amherst,True,False,Jane,0,1,0,1,1
You are coming to Northampton,Amherst,False,Noho,True,False,Sarah,0,1,0,1,1
You are coming to Northampton,Amherst,True,Amherst,False,False,Jane,0,1,0,1,1
You are coming to Northampton,Noho,True,Amherst,False,False,Sarah,0,1,0,1,1
You are coming to Northampton,Amherst,False,Amherst,False,True,Jane,0,1,0,1,1
You are coming to Northampton,Amherst,False,Noho,False,True,Sarah,1,1,0,1,1
You are coming to Northampton,Amherst,False,Amherst,True,False,Sarah,0,1,0,1,1
You are coming to Northampton,Noho,False,Amherst,True,False,Sarah,0,1,0,1,1
You are coming to Northampton,Noho,False,Noho,True,False,Jane,0,1,0,1,1
You are coming to Northampton,Noho,True,Amherst,False,False,Jane,0,1,0,1,1
You are coming to Northampton,Noho,False,Noho,True,False,Sarah,0,1,0,1,1
You are coming to Northampton,Noho,False,Amherst,True,False,Jane,0,1,0,1,1
You are coming to Northampton,Amherst,False,Noho,True,False,Jane,0,1,0,1,1
I am coming to Northampton,Amherst,False,Noho,False,True,Sarah,0,1,0,1,1
I am coming to Northampton,Amherst,False,Noho,False,True,Jane,0,1,0,1,1
I am coming to Northampton,Amherst,True,Amherst,False,False,Sarah,0,1,0,1,1
I am coming to Northampton,Amherst,False,Amherst,False,True,Sarah,0,1,0,1,1
I am coming to Northampton,Amherst,False,Amherst,True,False,Jane,0,1,0,1,1
I am coming to Northampton,Amherst,False,Noho,True,False,Sarah,0,1,0,1,1
I am coming to Northampton,Amherst,True,Amherst,False,False,Jane,0,1,0,1,1
I am coming to Northampton,Noho,True,Amherst,False,False,Sarah,0,1,0,1,1
I am coming to Northampton,Amherst,False,Amherst,False,True,Jane,0,1,0,1,1
I am coming to Northampton,Amherst,False,Noho,True,False,Jane,0,1,0,1,1
I am coming to Northampton,Amherst,False,Amherst,True,False,Sarah,0,1,0,1,1
I am coming to Northampton,Noho,False,Amherst,True,False,Sarah,0,1,0,1,1
I am coming to Northampton,Noho,False,Noho,True,False,Jane,0,1,0,1,1
I am coming to Northampton,Noho,False,Noho,True,False,Sarah,0,1,0,1,1
I am coming to Northampton,Noho,False,Amherst,True,False,Jane,0,1,0,1,1
I am coming to Northampton,Noho,True,Amherst,False,False,Jane,1,1,0,1,1
You are going to Northampton,Amherst,False,Noho,True,False,Sarah,0,1,0,1,1
You are going to Northampton,Amherst,True,Amherst,False,False,Sarah,0,1,0,1,1
You are going to Northampton,Amherst,True,Amherst,False,False,Jane,0,1,0,1,1
You are going to Northampton,Amherst,False,Amherst,True,False,Jane,0,1,0,1,1
You are going to Northampton,Amherst,False,Noho,False,True,Jane,0.44416035157901673,1,0,1,1
You are going to Northampton,Amherst,False,Amherst,False,True,Sarah,0.11167929684196641,1,0,1,1
You are going to Northampton,Noho,True,Amherst,False,False,Sarah,0,1,0,1,1
You are going to Northampton,Amherst,False,Amherst,False,True,Jane,0.44416035157901673,1,0,1,1
You are going to Northampton,Amherst,False,Noho,True,False,Jane,0,1,0,1,1
You are going to Northampton,Amherst,False,Amherst,True,False,Sarah,0,1,0,1,1
You are going to Northampton,Noho,False,Amherst,True,False,Sarah,0,1,0,1,1
You are going to Northampton,Noho,False,Noho,True,False,Jane,0,1,0,1,1
You are going to Northampton,Noho,True,Amherst,False,False,Jane,0,1,0,1,1
You are going to Northampton,Noho,False,Noho,True,False,Sarah,0,1,0,1,1
You are going to Northampton,Noho,False,Amherst,True,False,Jane,0,1,0,1,1
You are going to Northampton,Amherst,False,Noho,False,True,Sarah,0,1,0,1,1
I am going to Northampton,Amherst,False,Noho,False,True,Jane,0,1,0,1,1
I am going to Northampton,Amherst,True,Amherst,False,False,Sarah,0.1673050594810812,1,0,1,1
I am going to Northampton,Amherst,False,Amherst,False,True,Sarah,0,1,0,1,1
I am going to Northampton,Amherst,False,Amherst,True,False,Jane,0,1,0,1,1
I am going to Northampton,Amherst,False,Noho,True,False,Sarah,0,1,0,1,1
I am going to Northampton,Amherst,True,Amherst,False,False,Jane,0.6653898810378374,1,0,1,1
I am going to Northampton,Noho,True,Amherst,False,False,Sarah,0.1673050594810812,1,0,1,1
I am going to Northampton,Amherst,False,Amherst,False,True,Jane,0,1,0,1,1
I am going to Northampton,Amherst,False,Noho,True,False,Jane,0,1,0,1,1
I am going to Northampton,Amherst,False,Amherst,True,False,Sarah,0,1,0,1,1
I am going to Northampton,Noho,False,Amherst,True,False,Sarah,0,1,0,1,1
I am going to Northampton,Noho,False,Noho,True,False,Jane,0,1,0,1,1
I am going to Northampton,Noho,True,Amherst,False,False,Jane,0,1,0,1,1
I am going to Northampton,Noho,False,Noho,True,False,Sarah,0,1,0,1,1
I am going to Northampton,Noho,False,Amherst,True,False,Jane,0,1,0,1,1
I am going to Northampton,Amherst,False,Noho,False,True,Sarah,0,1,0,1,1
Eliza is going to Northampton,Amherst,False,Noho,False,True,Jane,0,1,0,1,1
Eliza is going to Northampton,Amherst,True,Amherst,False,False,Sarah,0,1,0,1,1
Eliza is going to Northampton,Amherst,False,Amherst,False,True,Sarah,0,1,0,1,1
Eliza is going to Northampton,Amherst,False,Amherst,True,False,Jane,0.39954000478445323,1,0,1,1
Eliza is going to Northampton,Amherst,False,Noho,True,False,Sarah,0,1,0,1,1
Eliza is going to Northampton,Amherst,True,Amherst,False,False,Jane,0,1,0,1,1
Eliza is going to Northampton,Noho,True,Amherst,False,False,Sarah,0,1,0,1,1
Eliza is going to Northampton,Amherst,False,Amherst,False,True,Jane,0,1,0,1,1
Eliza is going to Northampton,Amherst,False,Noho,True,False,Jane,0.39954000478445323,1,0,1,1
Eliza is going to Northampton,Amherst,False,Amherst,True,False,Sarah,0.10045999521554684,1,0,1,1
Eliza is going to Northampton,Noho,False,Amherst,True,False,Sarah,0.10045999521554684,1,0,1,1
Eliza is going to Northampton,Noho,False,Noho,True,False,Jane,0,1,0,1,1
Eliza is going to Northampton,Noho,True,Amherst,False,False,Jane,0,1,0,1,1
Eliza is going to Northampton,Noho,False,Noho,True,False,Sarah,0,1,0,1,1
Eliza is going to Northampton,Noho,False,Amherst,True,False,Jane,0,1,0,1,1
Eliza is going to Northampton,Amherst,False,Noho,False,True,Sarah,0,1,0,1,1
Eliza is coming to Northampton,Amherst,False,Noho,False,True,Jane,0,1,0,1,1
Eliza is coming to Northampton,Amherst,False,Amherst,False,True,Sarah,0,1,0,1,1
Eliza is coming to Northampton,Amherst,True,Amherst,False,False,Sarah,0,1,0,1,1
Eliza is coming to Northampton,Noho,False,Noho,True,False,Jane,0.39954000478445323,1,0,1,1
Eliza is coming to Northampton,Amherst,False,Amherst,True,False,Jane,0,1,0,1,1
Eliza is coming to Northampton,Amherst,False,Noho,True,False,Sarah,0.10045999521554684,1,0,1,1
Eliza is coming to Northampton,Amherst,True,Amherst,False,False,Jane,0,1,0,1,1
Eliza is coming to Northampton,Noho,True,Amherst,False,False,Sarah,0,1,0,1,1
Eliza is coming to Northampton,Noho,False,Noho,True,False,Sarah,0.10045999521554684,1,0,1,1
Eliza is coming to Northampton,Amherst,False,Noho,True,False,Jane,0,1,0,1,1
Eliza is coming to Northampton,Amherst,False,Amherst,True,False,Sarah,0,1,0,1,1
Eliza is coming to Northampton,Noho,False,Amherst,True,False,Sarah,0,1,0,1,1
Eliza is coming to Northampton,Amherst,False,Amherst,False,True,Jane,0,1,0,1,1
Eliza is coming to Northampton,Noho,True,Amherst,False,False,Jane,0,1,0,1,1
Eliza is coming to Northampton,Noho,False,Amherst,True,False,Jane,0.39954000478445323,1,0,1,1
Eliza is coming to Northampton,Amherst,False,Noho,False,True,Sarah,0,1,0,1,1
You are coming to Northampton,Amherst,False,Noho,False,True,Jane,0,1,1,1,1
You are coming to Northampton,Amherst,True,Amherst,False,False,Sarah,0,1,1,1,1
You are coming to Northampton,Amherst,False,Amherst,False,True,Sarah,0,1,1,1,1
You are coming to Northampton,Amherst,False,Amherst,True,False,Jane,0,1,1,1,1
You are coming to Northampton,Amherst,False,Noho,True,False,Sarah,0,1,1,1,1
You are coming to Northampton,Amherst,True,Amherst,False,False,Jane,0,1,1,1,1
You are coming to Northampton,Noho,True,Amherst,False,False,Sarah,0,1,1,1,1
You are coming to Northampton,Amherst,False,Amherst,False,True,Jane,0,1,1,1,1
You are coming to Northampton,Amherst,False,Noho,False,True,Sarah,1,1,1,1,1
You are coming to Northampton,Amherst,False,Amherst,True,False,Sarah,0,1,1,1,1
You are coming to Northampton,Noho,False,Amherst,True,False,Sarah,0,1,1,1,1
You are coming to Northampton,Noho,False,Noho,True,False,Jane,0,1,1,1,1
You are coming to Northampton,Noho,True,Amherst,False,False,Jane,0,1,1,1,1
You are coming to Northampton,Noho,False,Noho,True,False,Sarah,0,1,1,1,1
You are coming to Northampton,Noho,False,Amherst,True,False,Jane,0,1,1,1,1
You are coming to Northampton,Amherst,False,Noho,True,False,Jane,0,1,1,1,1
I am coming to Northampton,Amherst,False,Noho,False,True,Sarah,0,1,1,1,1
I am coming to Northampton,Amherst,False,Noho,False,True,Jane,0,1,1,1,1
I am coming to Northampton,Amherst,True,Amherst,False,False,Sarah,0,1,1,1,1
I am coming to Northampton,Amherst,False,Amherst,False,True,Sarah,0,1,1,1,1
I am coming to Northampton,Amherst,False,Amherst,True,False,Jane,0,1,1,1,1
I am coming to Northampton,Amherst,False,Noho,True,False,Sarah,0,1,1,1,1
I am coming to Northampton,Amherst,True,Amherst,False,False,Jane,0,1,1,1,1
I am coming to Northampton,Noho,True,Amherst,False,False,Sarah,0,1,1,1,1
I am coming to Northampton,Amherst,False,Amherst,False,True,Jane,0,1,1,1,1
I am coming to Northampton,Amherst,False,Noho,True,False,Jane,0,1,1,1,1
I am coming to Northampton,Amherst,False,Amherst,True,False,Sarah,0,1,1,1,1
I am coming to Northampton,Noho,False,Amherst,True,False,Sarah,0,1,1,1,1
I am coming to Northampton,Noho,False,Noho,True,False,Jane,0,1,1,1,1
I am coming to Northampton,Noho,False,Noho,True,False,Sarah,0,1,1,1,1
I am coming to Northampton,Noho,False,Amherst,True,False,Jane,0,1,1,1,1
I am coming to Northampton,Noho,True,Amherst,False,False,Jane,1,1,1,1,1
You are going to Northampton,Amherst,False,Noho,True,False,Sarah,0,1,1,1,1
You are going to Northampton,Amherst,True,Amherst,False,False,Sarah,0,1,1,1,1
You are going to Northampton,Amherst,True,Amherst,False,False,Jane,0,1,1,1,1
You are going to Northampton,Amherst,False,Amherst,True,False,Jane,0,1,1,1,1
You are going to Northampton,Amherst,False,Noho,False,True,Jane,0.14015890055469354,1,1,1,1
You are going to Northampton,Amherst,False,Amherst,False,True,Sarah,0.7196821988906127,1,1,1,1
You are going to Northampton,Noho,True,Amherst,False,False,Sarah,0,1,1,1,1
You are going to Northampton,Amherst,False,Amherst,False,True,Jane,0.14015890055469354,1,1,1,1
You are going to Northampton,Amherst,False,Noho,True,False,Jane,0,1,1,1,1
You are going to Northampton,Amherst,False,Amherst,True,False,Sarah,0,1,1,1,1
You are going to Northampton,Noho,False,Amherst,True,False,Sarah,0,1,1,1,1
You are going to Northampton,Noho,False,Noho,True,False,Jane,0,1,1,1,1
You are going to Northampton,Noho,True,Amherst,False,False,Jane,0,1,1,1,1
You are going to Northampton,Noho,False,Noho,True,False,Sarah,0,1,1,1,1
You are going to Northampton,Noho,False,Amherst,True,False,Jane,0,1,1,1,1
You are going to Northampton,Amherst,False,Noho,False,True,Sarah,0,1,1,1,1
I am going to Northampton,Amherst,False,Noho,False,True,Jane,0,1,1,1,1
I am going to Northampton,Amherst,True,Amherst,False,False,Sarah,0.45563253144086074,1,1,1,1
I am going to Northampton,Amherst,False,Amherst,False,True,Sarah,0,1,1,1,1
I am going to Northampton,Amherst,False,Amherst,True,False,Jane,0,1,1,1,1
I am going to Northampton,Amherst,False,Noho,True,False,Sarah,0,1,1,1,1
I am going to Northampton,Amherst,True,Amherst,False,False,Jane,0.08873493711827846,1,1,1,1
I am going to Northampton,Noho,True,Amherst,False,False,Sarah,0.45563253144086074,1,1,1,1
I am going to Northampton,Amherst,False,Amherst,False,True,Jane,0,1,1,1,1
I am going to Northampton,Amherst,False,Noho,True,False,Jane,0,1,1,1,1
I am going to Northampton,Amherst,False,Amherst,True,False,Sarah,0,1,1,1,1
I am going to Northampton,Noho,False,Amherst,True,False,Sarah,0,1,1,1,1
I am going to Northampton,Noho,False,Noho,True,False,Jane,0,1,1,1,1
I am going to Northampton,Noho,True,Amherst,False,False,Jane,0,1,1,1,1
I am going to Northampton,Noho,False,Noho,True,False,Sarah,0,1,1,1,1
I am going to Northampton,Noho,False,Amherst,True,False,Jane,0,1,1,1,1
I am going to Northampton,Amherst,False,Noho,False,True,Sarah,0,1,1,1,1
Eliza is going to Northampton,Amherst,False,Noho,False,True,Jane,0,1,1,1,1
Eliza is going to Northampton,Amherst,True,Amherst,False,False,Sarah,0,1,1,1,1
Eliza is going to Northampton,Amherst,False,Amherst,False,True,Sarah,0,1,1,1,1
Eliza is going to Northampton,Amherst,False,Amherst,True,False,Jane,0.08150279199558602,1,1,1,1
Eliza is going to Northampton,Amherst,False,Noho,True,False,Sarah,0,1,1,1,1
Eliza is going to Northampton,Amherst,True,Amherst,False,False,Jane,0,1,1,1,1
Eliza is going to Northampton,Noho,True,Amherst,False,False,Sarah,0,1,1,1,1
Eliza is going to Northampton,Amherst,False,Amherst,False,True,Jane,0,1,1,1,1
Eliza is going to Northampton,Amherst,False,Noho,True,False,Jane,0.08150279199558602,1,1,1,1
Eliza is going to Northampton,Amherst,False,Amherst,True,False,Sarah,0.41849720800441403,1,1,1,1
Eliza is going to Northampton,Noho,False,Amherst,True,False,Sarah,0.41849720800441403,1,1,1,1
Eliza is going to Northampton,Noho,False,Noho,True,False,Jane,0,1,1,1,1
Eliza is going to Northampton,Noho,True,Amherst,False,False,Jane,0,1,1,1,1
Eliza is going to Northampton,Noho,False,Noho,True,False,Sarah,0,1,1,1,1
Eliza is going to Northampton,Noho,False,Amherst,True,False,Jane,0,1,1,1,1
Eliza is going to Northampton,Amherst,False,Noho,False,True,Sarah,0,1,1,1,1
Eliza is coming to Northampton,Amherst,False,Noho,False,True,Jane,0,1,1,1,1
Eliza is coming to Northampton,Amherst,False,Amherst,False,True,Sarah,0,1,1,1,1
Eliza is coming to Northampton,Amherst,True,Amherst,False,False,Sarah,0,1,1,1,1
Eliza is coming to Northampton,Noho,False,Noho,True,False,Jane,0.08150279199558602,1,1,1,1
Eliza is coming to Northampton,Amherst,False,Amherst,True,False,Jane,0,1,1,1,1
Eliza is coming to Northampton,Amherst,False,Noho,True,False,Sarah,0.41849720800441403,1,1,1,1
Eliza is coming to Northampton,Amherst,True,Amherst,False,False,Jane,0,1,1,1,1
Eliza is coming to Northampton,Noho,True,Amherst,False,False,Sarah,0,1,1,1,1
Eliza is coming to Northampton,Noho,False,Noho,True,False,Sarah,0.41849720800441403,1,1,1,1
Eliza is coming to Northampton,Amherst,False,Noho,True,False,Jane,0,1,1,1,1
Eliza is coming to Northampton,Amherst,False,Amherst,True,False,Sarah,0,1,1,1,1
Eliza is coming to Northampton,Noho,False,Amherst,True,False,Sarah,0,1,1,1,1
Eliza is coming to Northampton,Amherst,False,Amherst,False,True,Jane,0,1,1,1,1
Eliza is coming to Northampton,Noho,True,Amherst,False,False,Jane,0,1,1,1,1
Eliza is coming to Northampton,Noho,False,Amherst,True,False,Jane,0.08150279199558602,1,1,1,1
Eliza is coming to Northampton,Amherst,False,Noho,False,True,Sarah,0,1,1,1,1
